"","ASV","taxon","taxonomic_level"
"1","ASV_0002","Clupea pallasii","species"
"2","ASV_0005","Ammodytes hexapterus","species"
"3","ASV_0019","Ammodytes personatus","species"
"4","ASV_0020","Lycodes polaris","species"
"5","ASV_0023","Gymnocanthus tricuspis","species"
"6","ASV_0024","Osmerus mordax","species"
"7","ASV_0038","Lycodes palearis","species"
"8","ASV_0040","Lycodes raridens","species"
"9","ASV_0043","Clupea pallasii","species"
"10","ASV_0046","Pleurogrammus monopterygius","species"
"11","ASV_0047","Asterias amurensis","species"
"12","ASV_0048","Pungitius pungitius","species"
"13","ASV_0049","Stichaeus punctatus","species"
"14","ASV_0054","Gymnelus hemifasciatus","species"
"15","ASV_0055","Gasterosteus aculeatus","species"
"16","ASV_0062","Pholis laeta","species"
"17","ASV_0063","Poroclinus rothrocki","species"
"18","ASV_0066","Clupea pallasii","species"
"19","ASV_0077","Blepsias bilobus","species"
"20","ASV_0082","Liparis greeni","species"
"21","ASV_0087","Eumesogrammus praecisus","species"
"22","ASV_0090","Lycodes polaris","species"
"23","ASV_0105","Artedius lateralis","species"
"24","ASV_0106","Leptoclinus maculatus","species"
"25","ASV_0110","Clupea pallasii","species"
"26","ASV_0112","Aptocyclus ventricosus","species"
"27","ASV_0117","Ammodytes personatus","species"
"28","ASV_0120","Triglops pingelii","species"
"29","ASV_0123","Artedius harringtoni","species"
"30","ASV_0125","Clupea pallasii","species"
"31","ASV_0128","Clupea pallasii","species"
"32","ASV_0131","Clupea pallasii","species"
"33","ASV_0132","Hexagrammos decagrammus","species"
"34","ASV_0136","Ammodytes hexapterus","species"
"35","ASV_0137","Clupea pallasii","species"
"36","ASV_0138","Ammodytes personatus","species"
"37","ASV_0143","Lycodes polaris","species"
"38","ASV_0145","Artedius fenestralis","species"
"39","ASV_0146","Lycodes polaris","species"
"40","ASV_0149","Ammodytes personatus","species"
"41","ASV_0151","Cymatogaster aggregata","species"
"42","ASV_0161","Clupea pallasii","species"
"43","ASV_0162","Liparis greeni","species"
"44","ASV_0165","Lycodes polaris","species"
"45","ASV_0181","Ammodytes personatus","species"
"46","ASV_0184","Cymatogaster aggregata","species"
"47","ASV_0186","Clupea pallasii","species"
"48","ASV_0188","Lycodes palearis","species"
"49","ASV_0193","Ammodytes personatus","species"
"50","ASV_0195","Ammodytes hexapterus","species"
"51","ASV_0201","Ammodytes personatus","species"
"52","ASV_0203","Clupea pallasii","species"
"53","ASV_0209","Ammodytes personatus","species"
"54","ASV_0212","Clupea pallasii","species"
"55","ASV_0214","Hypomesus pretiosus","species"
"56","ASV_0216","Pholis laeta","species"
"57","ASV_0222","Hemilepidotus hemilepidotus","species"
"58","ASV_0228","Clupea pallasii","species"
"59","ASV_0232","Clupea pallasii","species"
"60","ASV_0234","Pholis laeta","species"
"61","ASV_0245","Clupea pallasii","species"
"62","ASV_0249","Clinocottus acuticeps","species"
"63","ASV_0254","Gasterosteus aculeatus","species"
"64","ASV_0266","Pholis laeta","species"
"65","ASV_0267","Gymnelus hemifasciatus","species"
"66","ASV_0273","Trichodon trichodon","species"
"67","ASV_0277","Pholis laeta","species"
"68","ASV_0285","Clinocottus acuticeps","species"
"69","ASV_0291","Clupea pallasii","species"
"70","ASV_0292","Clupea pallasii","species"
"71","ASV_0294","Tarletonbeania crenularis","species"
"72","ASV_0298","Clupea pallasii","species"
"73","ASV_0299","Clupea pallasii","species"
"74","ASV_0302","Triglops pingelii","species"
"75","ASV_0307","Clupea pallasii","species"
"76","ASV_0310","Callorhinus ursinus","species"
"77","ASV_0313","Clupea pallasii","species"
"78","ASV_0317","Gasterosteus aculeatus","species"
"79","ASV_0320","Gasterosteus aculeatus","species"
"80","ASV_0321","Podothecus accipenserinus","species"
"81","ASV_0325","Clupea pallasii","species"
"82","ASV_0328","Clupea pallasii","species"
"83","ASV_0330","Clupea pallasii","species"
"84","ASV_0340","Clupea pallasii","species"
"85","ASV_0341","Pholis laeta","species"
"86","ASV_0343","Clupea pallasii","species"
"87","ASV_0345","Clinocottus embryum","species"
"88","ASV_0346","Gymnelus hemifasciatus","species"
"89","ASV_0352","Clupea pallasii","species"
"90","ASV_0354","Ammodytes personatus","species"
"91","ASV_0355","Hypomesus pretiosus","species"
"92","ASV_0359","Clupea pallasii","species"
"93","ASV_0364","Gymnocanthus tricuspis","species"
"94","ASV_0366","Clupea pallasii","species"
"95","ASV_0380","Clupea pallasii","species"
"96","ASV_0386","Clupea pallasii","species"
"97","ASV_0389","Hypsagonus quadricornis","species"
"98","ASV_0390","Gymnelus hemifasciatus","species"
"99","ASV_0395","Anoplopoma fimbria","species"
"100","ASV_0398","Clupea pallasii","species"
"101","ASV_0401","Lycodes raridens","species"
"102","ASV_0405","Clupea pallasii","species"
"103","ASV_0407","Lycodes brevipes","species"
"104","ASV_0415","Ammodytes hexapterus","species"
"105","ASV_0418","Citharichthys stigmaeus","species"
"106","ASV_0419","Clupea pallasii","species"
"107","ASV_0420","Lethenteron camtschaticum","species"
"108","ASV_0421","Citharichthys stigmaeus","species"
"109","ASV_0427","Clupea pallasii","species"
"110","ASV_0428","Clupea pallasii","species"
"111","ASV_0429","Clupea pallasii","species"
"112","ASV_0432","Clupea pallasii","species"
"113","ASV_0434","Clupea pallasii","species"
"114","ASV_0439","Gasterosteus aculeatus","species"
"115","ASV_0440","Lycodes palearis","species"
"116","ASV_0445","Clupea pallasii","species"
"117","ASV_0457","Ammodytes personatus","species"
"118","ASV_0462","Clupea pallasii","species"
"119","ASV_0472","Clupea pallasii","species"
"120","ASV_0474","Clupea pallasii","species"
"121","ASV_0480","Ammodytes hexapterus","species"
"122","ASV_0481","Ammodytes personatus","species"
"123","ASV_0482","Clupea pallasii","species"
"124","ASV_0485","Ammodytes personatus","species"
"125","ASV_0486","Clupea pallasii","species"
"126","ASV_0489","Clupea pallasii","species"
"127","ASV_0491","Clupea pallasii","species"
"128","ASV_0507","Clupea pallasii","species"
"129","ASV_0508","Clupea pallasii","species"
"130","ASV_0510","Clupea pallasii","species"
"131","ASV_0511","Clupea pallasii","species"
"132","ASV_0512","Ammodytes hexapterus","species"
"133","ASV_0517","Osmerus mordax","species"
"134","ASV_0530","Clupea pallasii","species"
"135","ASV_0531","Clupea pallasii","species"
"136","ASV_0532","Erignathus barbatus","species"
"137","ASV_0533","Phocoena phocoena","species"
"138","ASV_0536","Odobenus rosmarus","species"
"139","ASV_0538","Ammodytes hexapterus","species"
"140","ASV_0539","Clupea pallasii","species"
"141","ASV_0540","Phocoena phocoena","species"
"142","ASV_0545","Clupea pallasii","species"
"143","ASV_0552","Erignathus barbatus","species"
"144","ASV_0556","Clupea pallasii","species"
"145","ASV_0564","Balaenoptera physalus","species"
"146","ASV_0566","Clupea pallasii","species"
"147","ASV_0569","Clupea pallasii","species"
"148","ASV_0579","Clupea pallasii","species"
"149","ASV_0580","Clupea pallasii","species"
"150","ASV_0581","Clupea pallasii","species"
"151","ASV_0583","Zaprora silenus","species"
"152","ASV_0584","Gasterosteus aculeatus","species"
"153","ASV_0594","Lycodes polaris","species"
"154","ASV_0597","Clupea pallasii","species"
"155","ASV_0613","Clupea pallasii","species"
"156","ASV_0614","Clupea pallasii","species"
"157","ASV_0615","Clupea pallasii","species"
"158","ASV_0620","Clupea pallasii","species"
"159","ASV_0627","Clupea pallasii","species"
"160","ASV_0635","Gasterosteus aculeatus","species"
"161","ASV_0636","Osmerus mordax","species"
"162","ASV_0637","Liparis greeni","species"
"163","ASV_0647","Clupea pallasii","species"
"164","ASV_0663","Occella dodecaedron","species"
"165","ASV_0666","Clupea pallasii","species"
"166","ASV_0672","Clupea pallasii","species"
"167","ASV_0676","Clupea pallasii","species"
"168","ASV_0680","Clupea pallasii","species"
"169","ASV_0682","Stichaeus punctatus","species"
"170","ASV_0684","Gymnelus hemifasciatus","species"
"171","ASV_0685","Clupea pallasii","species"
"172","ASV_0701","Lycodes squamiventer","species"
"173","ASV_0706","Clupea pallasii","species"
"174","ASV_0710","Clupea pallasii","species"
"175","ASV_0715","Clupea pallasii","species"
"176","ASV_0718","Aptocyclus ventricosus","species"
"177","ASV_0731","Clupea pallasii","species"
"178","ASV_0738","Clupea pallasii","species"
"179","ASV_0742","Lycodes polaris","species"
"180","ASV_0747","Ammodytes hexapterus","species"
"181","ASV_0749","Pusa hispida","species"
"182","ASV_0758","Clupea pallasii","species"
"183","ASV_0759","Clupea pallasii","species"
"184","ASV_0764","Blepsias bilobus","species"
"185","ASV_0767","Ammodytes hexapterus","species"
"186","ASV_0771","Clupea pallasii","species"
"187","ASV_0772","Clupea pallasii","species"
"188","ASV_0773","Gasterosteus aculeatus","species"
"189","ASV_0778","Ammodytes personatus","species"
"190","ASV_0782","Clupea pallasii","species"
"191","ASV_0786","Clupea pallasii","species"
"192","ASV_0787","Clupea pallasii","species"
"193","ASV_0788","Clupea pallasii","species"
"194","ASV_0793","Clupea pallasii","species"
"195","ASV_0794","Ammodytes hexapterus","species"
"196","ASV_0805","Clupea pallasii","species"
"197","ASV_0807","Lycodes polaris","species"
"198","ASV_0808","Osmerus mordax","species"
"199","ASV_0819","Gasterosteus aculeatus","species"
"200","ASV_0825","Clupea pallasii","species"
"201","ASV_0828","Clupea pallasii","species"
"202","ASV_0833","Clupea pallasii","species"
"203","ASV_0834","Clupea pallasii","species"
"204","ASV_0842","Osmerus mordax","species"
"205","ASV_0845","Ammodytes hexapterus","species"
"206","ASV_0846","Aspidophoroides monopterygius","species"
"207","ASV_0856","Clupea pallasii","species"
"208","ASV_0857","Clupea pallasii","species"
"209","ASV_0858","Clupea pallasii","species"
"210","ASV_0859","Ammodytes personatus","species"
"211","ASV_0870","Clupea pallasii","species"
"212","ASV_0872","Anarhichas orientalis","species"
"213","ASV_0883","Clupea pallasii","species"
"214","ASV_0889","Osmerus mordax","species"
"215","ASV_0893","Balaenoptera physalus","species"
"216","ASV_0894","Ammodytes personatus","species"
"217","ASV_0896","Ammodytes personatus","species"
"218","ASV_0901","Delphinapterus leucas","species"
"219","ASV_0910","Pungitius pungitius","species"
"220","ASV_0912","Clupea pallasii","species"
"221","ASV_0922","Stichaeus punctatus","species"
"222","ASV_0927","Eumesogrammus praecisus","species"
"223","ASV_0935","Clupea pallasii","species"
"224","ASV_0943","Ammodytes hexapterus","species"
"225","ASV_0946","Ammodytes personatus","species"
"226","ASV_0957","Clupea pallasii","species"
"227","ASV_0962","Pholis laeta","species"
"228","ASV_0963","Clupea pallasii","species"
"229","ASV_0968","Zaprora silenus","species"
"230","ASV_0975","Pholis laeta","species"
"231","ASV_0976","Clupea pallasii","species"
"232","ASV_0979","Clupea pallasii","species"
"233","ASV_0984","Clupea pallasii","species"
"234","ASV_0986","Pleurogrammus monopterygius","species"
"235","ASV_0988","Clupea pallasii","species"
"236","ASV_0990","Lycodes palearis","species"
"237","ASV_1000","Thaleichthys pacificus","species"
"238","ASV_1001","Osmerus mordax","species"
"239","ASV_1006","Ammodytes personatus","species"
"240","ASV_1007","Eschrichtius robustus","species"
"241","ASV_1010","Pholis laeta","species"
"242","ASV_1017","Osmerus mordax","species"
"243","ASV_1023","Clupea pallasii","species"
"244","ASV_1026","Clupea pallasii","species"
"245","ASV_1033","Gasterosteus aculeatus","species"
"246","ASV_1044","Clupea pallasii","species"
"247","ASV_1046","Artedius lateralis","species"
"248","ASV_1064","Osmerus mordax","species"
"249","ASV_1067","Gasterosteus aculeatus","species"
"250","ASV_1071","Gasterosteus aculeatus","species"
"251","ASV_1078","Clupea pallasii","species"
"252","ASV_1082","Syngnathus leptorhynchus","species"
"253","ASV_1087","Callorhinus ursinus","species"
"254","ASV_1088","Lycodes polaris","species"
"255","ASV_1090","Clupea pallasii","species"
"256","ASV_1095","Clupea pallasii","species"
"257","ASV_1098","Osmerus mordax","species"
"258","ASV_1102","Clupea pallasii","species"
"259","ASV_1103","Clupea pallasii","species"
"260","ASV_1108","Osmerus mordax","species"
"261","ASV_1110","Artedius fenestralis","species"
"262","ASV_1111","Clupea pallasii","species"
"263","ASV_1112","Clupea pallasii","species"
"264","ASV_1113","Clupea pallasii","species"
"265","ASV_1114","Ammodytes personatus","species"
"266","ASV_1124","Clupea pallasii","species"
"267","ASV_1126","Ammodytes hexapterus","species"
"268","ASV_1127","Hypsagonus quadricornis","species"
"269","ASV_1129","Pleurogrammus monopterygius","species"
"270","ASV_1130","Osmerus mordax","species"
"271","ASV_1131","Clupea pallasii","species"
"272","ASV_1133","Clupea pallasii","species"
"273","ASV_1135","Clupea pallasii","species"
"274","ASV_1142","Ammodytes hexapterus","species"
"275","ASV_1144","Clupea pallasii","species"
"276","ASV_1146","Ammodytes personatus","species"
"277","ASV_1149","Clupea pallasii","species"
"278","ASV_1153","Ammodytes hexapterus","species"
"279","ASV_1154","Clupea pallasii","species"
"280","ASV_1155","Pungitius pungitius","species"
"281","ASV_1173","Clupea pallasii","species"
"282","ASV_1176","Ammodytes hexapterus","species"
"283","ASV_1192","Clupea pallasii","species"
"284","ASV_1193","Clupea pallasii","species"
"285","ASV_1198","Balaena mysticetus","species"
"286","ASV_1203","Tarletonbeania crenularis","species"
"287","ASV_1207","Ammodytes personatus","species"
"288","ASV_1220","Blepsias bilobus","species"
"289","ASV_1223","Clupea pallasii","species"
"290","ASV_1228","Clupea pallasii","species"
"291","ASV_1230","Gymnocanthus tricuspis","species"
"292","ASV_1242","Leuroglossus schmidti","species"
"293","ASV_1255","Clupea pallasii","species"
"294","ASV_1257","Clupea pallasii","species"
"295","ASV_1259","Ammodytes hexapterus","species"
"296","ASV_1266","Ammodytes personatus","species"
"297","ASV_1271","Ammodytes personatus","species"
"298","ASV_1272","Clupea pallasii","species"
"299","ASV_1281","Pungitius pungitius","species"
"300","ASV_1288","Clupea pallasii","species"
"301","ASV_1292","Ammodytes personatus","species"
"302","ASV_1296","Clupea pallasii","species"
"303","ASV_1312","Aspidophoroides monopterygius","species"
"304","ASV_1316","Osmerus mordax","species"
"305","ASV_1324","Ammodytes personatus","species"
"306","ASV_1325","Pungitius pungitius","species"
"307","ASV_1327","Clupea pallasii","species"
"308","ASV_1328","Clupea pallasii","species"
"309","ASV_1333","Ammodytes hexapterus","species"
"310","ASV_1334","Clupea pallasii","species"
"311","ASV_1337","Osmerus mordax","species"
"312","ASV_1344","Clupea pallasii","species"
"313","ASV_1350","Ammodytes personatus","species"
"314","ASV_1352","Osmerus mordax","species"
"315","ASV_1353","Lycodes polaris","species"
"316","ASV_1355","Clupea pallasii","species"
"317","ASV_1358","Clupea pallasii","species"
"318","ASV_1364","Megaptera novaeangliae","species"
"319","ASV_1374","Clupea pallasii","species"
"320","ASV_1379","Clupea pallasii","species"
"321","ASV_1381","Pungitius pungitius","species"
"322","ASV_1387","Clupea pallasii","species"
"323","ASV_1389","Clupea pallasii","species"
"324","ASV_1403","Ammodytes personatus","species"
"325","ASV_1404","Clupea pallasii","species"
"326","ASV_1407","Anoplopoma fimbria","species"
"327","ASV_1411","Thaleichthys pacificus","species"
"328","ASV_1414","Osmerus mordax","species"
"329","ASV_1426","Osmerus mordax","species"
"330","ASV_1427","Clupea pallasii","species"
"331","ASV_1443","Clupea pallasii","species"
"332","ASV_1448","Artedius lateralis","species"
"333","ASV_1459","Pleurogrammus monopterygius","species"
"334","ASV_1464","Gasterosteus aculeatus","species"
"335","ASV_1469","Enophrys diceraus","species"
"336","ASV_1482","Clupea pallasii","species"
"337","ASV_1492","Liparis greeni","species"
"338","ASV_1493","Opisthocentrus ocellatus","species"
"339","ASV_1497","Delphinapterus leucas","species"
"340","ASV_1500","Synthliboramphus antiquus","species"
"341","ASV_1503","Tarletonbeania crenularis","species"
"342","ASV_1505","Lagenorhynchus obliquidens","species"
"343","ASV_1509","Ammodytes personatus","species"
"344","ASV_1512","Lethenteron camtschaticum","species"
"345","ASV_1513","Leuroglossus schmidti","species"
"346","ASV_1517","Stenobrachius leucopsarus","species"
"347","ASV_1524","Phoca fasciata","species"
"348","ASV_1542","Phocoena phocoena","species"
"349","ASV_1547","Clupea pallasii","species"
"350","ASV_1556","Uria aalge","species"
"351","ASV_1586","Clupea pallasii","species"
"352","ASV_0253","Sebastes 2","genus"
"353","ASV_0160","Sebastes 1","genus"
"354","ASV_0185","Sebastes 3","genus"
"355","ASV_0314","Sebastes diploproa","species"
"356","ASV_0388","Sebastes 2","genus"
"357","ASV_0441","Sebastes 4","genus"
"358","ASV_0471","Sebastes 1","genus"
"359","ASV_1490","Sebastes 2","genus"
"360","ASV_0010","Limanda aspera","species"
"361","ASV_0025","Hippoglossoides","genus"
"362","ASV_0027","Pleuronectes quadrituberculatus","species"
"363","ASV_0042","Platichthys","genus"
"364","ASV_0058","Lepidopsetta","genus"
"365","ASV_0085","Hippoglossus stenolepis","species"
"366","ASV_0104","Pleuronectidae 1","family"
"367","ASV_0124","Pleuronectes quadrituberculatus","species"
"368","ASV_0130","Limanda aspera","species"
"369","ASV_0227","Pleuronectidae 1","family"
"370","ASV_0252","Lepidopsetta","genus"
"371","ASV_0262","Pleuronectidae 1","family"
"372","ASV_0270","Limanda aspera","species"
"373","ASV_0276","Limanda aspera","species"
"374","ASV_0312","Limanda aspera","species"
"375","ASV_0333","Lepidopsetta","genus"
"376","ASV_0369","Pleuronectes quadrituberculatus","species"
"377","ASV_0373","Pleuronectidae 1","family"
"378","ASV_0408","Limanda aspera","species"
"379","ASV_0412","Limanda aspera","species"
"380","ASV_0422","Hippoglossus stenolepis","species"
"381","ASV_0461","Pleuronectidae 1","family"
"382","ASV_0469","Pleuronectes quadrituberculatus","species"
"383","ASV_0497","Limanda aspera","species"
"384","ASV_0519","Limanda aspera","species"
"385","ASV_0650","Limanda aspera","species"
"386","ASV_0677","Limanda aspera","species"
"387","ASV_0679","Pleuronectidae 1","family"
"388","ASV_0687","Limanda aspera","species"
"389","ASV_0704","Limanda aspera","species"
"390","ASV_0713","Limanda aspera","species"
"391","ASV_0733","Limanda aspera","species"
"392","ASV_0737","Limanda aspera","species"
"393","ASV_0741","Pleuronectes quadrituberculatus","species"
"394","ASV_0745","Limanda aspera","species"
"395","ASV_0751","Hippoglossus stenolepis","species"
"396","ASV_0753","Limanda aspera","species"
"397","ASV_0789","Limanda aspera","species"
"398","ASV_0795","Limanda aspera","species"
"399","ASV_0813","Limanda aspera","species"
"400","ASV_0816","Pleuronectes quadrituberculatus","species"
"401","ASV_0838","Limanda aspera","species"
"402","ASV_0841","Limanda aspera","species"
"403","ASV_0865","Limanda aspera","species"
"404","ASV_0884","Pleuronectes quadrituberculatus","species"
"405","ASV_0898","Hippoglossus stenolepis","species"
"406","ASV_0898","Limanda aspera","species"
"407","ASV_0903","Pleuronectes quadrituberculatus","species"
"408","ASV_0908","Pleuronectidae 1","family"
"409","ASV_0909","Limanda aspera","species"
"410","ASV_0934","Limanda aspera","species"
"411","ASV_0948","Limanda aspera","species"
"412","ASV_0959","Pleuronectidae 1","family"
"413","ASV_1003","Limanda aspera","species"
"414","ASV_1013","Limanda aspera","species"
"415","ASV_1014","Limanda aspera","species"
"416","ASV_1019","Pleuronectes quadrituberculatus","species"
"417","ASV_1028","Hippoglossoides","genus"
"418","ASV_1052","Pleuronectes quadrituberculatus","species"
"419","ASV_1073","Limanda aspera","species"
"420","ASV_1083","Hippoglossoides","genus"
"421","ASV_1106","Limanda aspera","species"
"422","ASV_1121","Glyptocephalus zachirus","species"
"423","ASV_1169","Pleuronectes quadrituberculatus","species"
"424","ASV_1172","Reinhardtius hippoglossoides","species"
"425","ASV_1183","Lepidopsetta","genus"
"426","ASV_1199","Pleuronectidae 1","family"
"427","ASV_1206","Limanda aspera","species"
"428","ASV_1215","Limanda aspera","species"
"429","ASV_1221","Limanda aspera","species"
"430","ASV_1238","Pleuronectidae 1","family"
"431","ASV_1253","Pleuronectes quadrituberculatus","species"
"432","ASV_1311","Pleuronectes quadrituberculatus","species"
"433","ASV_1339","Limanda aspera","species"
"434","ASV_1343","Lepidopsetta","genus"
"435","ASV_1390","Limanda aspera","species"
"436","ASV_1476","Hippoglossoides","genus"
"437","ASV_1476","Pleuronectidae","family"
"438","ASV_1508","Limanda aspera","species"
"439","ASV_1528","Pleuronectes quadrituberculatus","species"
"440","ASV_1559","Hippoglossus stenolepis","species"
"441","ASV_1575","Limanda aspera","species"
"442","ASV_0382","Atheresthes","genus"
"443","ASV_1136","Lepidopsetta","genus"
"444","ASV_1270","Atheresthes","genus"
"445","ASV_0037","Myoxocephalus 1","genus"
"446","ASV_0242","Myoxocephalus 1","genus"
"447","ASV_0026","Myoxocephalus 2","genus"
"448","ASV_0103","Oligocottus","genus"
"449","ASV_0134","Myoxocephalus 2","genus"
"450","ASV_0148","Hemilepidotus","genus"
"451","ASV_0171","Myoxocephalus 2","genus"
"452","ASV_0259","Myoxocephalus 2","genus"
"453","ASV_0322","Oligocottus","genus"
"454","ASV_0358","Oligocottus","genus"
"455","ASV_0610","Oligocottus","genus"
"456","ASV_0844","Hemilepidotus","genus"
"457","ASV_0936","Myoxocephalus 2","genus"
"458","ASV_1039","Myoxocephalus 2","genus"
"459","ASV_1107","Artediellus scaber","species"
"460","ASV_1132","Myoxocephalus 2","genus"
"461","ASV_1186","Oligocottus","genus"
"462","ASV_0079","Leptoclinus maculatus/Zaprora silenus","order"
"463","ASV_0619","Leptoclinus maculatus/Zaprora silenus","order"
"464","ASV_0004","Stichaeidae 1","family"
"465","ASV_0015","Stichaeidae 2","family"
"466","ASV_0065","Stichaeidae 1","family"
"467","ASV_0122","Stichaeidae 2","family"
"468","ASV_0152","Stichaeidae 1","family"
"469","ASV_0174","Stichaeidae 2","family"
"470","ASV_0183","Stichaeidae 1","family"
"471","ASV_0210","Stichaeidae 1","family"
"472","ASV_0235","Stichaeidae 1","family"
"473","ASV_0240","Agonidae","family"
"474","ASV_0243","Stichaeidae 1","family"
"475","ASV_0247","Stichaeidae 1","family"
"476","ASV_0370","Stichaeidae 2","family"
"477","ASV_0392","Stichaeidae 1","family"
"478","ASV_0426","Stichaeidae 2","family"
"479","ASV_0433","Stichaeidae 1","family"
"480","ASV_0603","Stichaeidae 1","family"
"481","ASV_0699","Stichaeidae 1","family"
"482","ASV_0798","Stichaeidae 1","family"
"483","ASV_0854","Stichaeidae 1","family"
"484","ASV_0862","Stichaeidae 1","family"
"485","ASV_0881","Stichaeidae 2","family"
"486","ASV_0997","Stichaeidae 1","family"
"487","ASV_1055","Stichaeidae 2","family"
"488","ASV_1094","Stichaeidae 1","family"
"489","ASV_1105","Stichaeidae 1","family"
"490","ASV_1134","Stichaeidae 1","family"
"491","ASV_1245","Stichaeidae 1","family"
"492","ASV_1287","Stichaeidae 1","family"
"493","ASV_1520","Stichaeidae 1","family"
"494","ASV_0029","Liparis 1","genus"
"495","ASV_0030","Hexagrammos","genus"
"496","ASV_0053","Liparis 2","genus"
"497","ASV_0056","Liparis 2","genus"
"498","ASV_0060","Salvelinus","genus"
"499","ASV_0068","Anoplarchus","genus"
"500","ASV_0107","Salvelinus","genus"
"501","ASV_0111","Xiphister","genus"
"502","ASV_0150","Hexagrammos","genus"
"503","ASV_0157","Ammodytes","genus"
"504","ASV_0163","Hexagrammos","genus"
"505","ASV_0167","Lycodes 1","genus"
"506","ASV_0178","Hexagrammos","genus"
"507","ASV_0191","Bathymaster","genus"
"508","ASV_0194","Bathymaster","genus"
"509","ASV_0202","Bathymaster","genus"
"510","ASV_0211","Hexagrammos","genus"
"511","ASV_0218","Salvelinus","genus"
"512","ASV_0220","Hexagrammos","genus"
"513","ASV_0230","Bathymaster","genus"
"514","ASV_0237","Ammodytes","genus"
"515","ASV_0251","Hexagrammos","genus"
"516","ASV_0271","Salvelinus","genus"
"517","ASV_0282","Lycodes 2","genus"
"518","ASV_0284","Liparis 1","genus"
"519","ASV_0290","Salvelinus","genus"
"520","ASV_0303","Salvelinus","genus"
"521","ASV_0315","Hexagrammos","genus"
"522","ASV_0319","Liparis 1","genus"
"523","ASV_0335","Anoplarchus","genus"
"524","ASV_0360","Anoplarchus","genus"
"525","ASV_0377","Hexagrammos","genus"
"526","ASV_0381","Hexagrammos","genus"
"527","ASV_0411","Salvelinus","genus"
"528","ASV_0416","Hexagrammos","genus"
"529","ASV_0417","Hexagrammos","genus"
"530","ASV_0438","Hexagrammos","genus"
"531","ASV_0447","Liparis 2","genus"
"532","ASV_0455","Liparis 2","genus"
"533","ASV_0465","Salvelinus","genus"
"534","ASV_0495","Liparis 2","genus"
"535","ASV_0757","Anoplarchus","genus"
"536","ASV_0920","Hexagrammos","genus"
"537","ASV_0970","Hexagrammos","genus"
"538","ASV_0978","Bathymaster","genus"
"539","ASV_0981","Hexagrammos","genus"
"540","ASV_0989","Liparis 1","genus"
"541","ASV_1002","Anoplarchus","genus"
"542","ASV_1005","Xiphister","genus"
"543","ASV_1011","Hexagrammos","genus"
"544","ASV_1027","Bathymaster","genus"
"545","ASV_1029","Lycodes 2","genus"
"546","ASV_1032","Hexagrammos","genus"
"547","ASV_1047","Anoplarchus","genus"
"548","ASV_1217","Hexagrammos","genus"
"549","ASV_1236","Hexagrammos","genus"
"550","ASV_1323","Leuroglossus","genus"
"551","ASV_1331","Liparis 1","genus"
"552","ASV_1346","Blepsias","genus"
"553","ASV_1413","Hexagrammos","genus"
"554","ASV_1463","Hexagrammos","genus"
"555","ASV_1499","Salvelinus","genus"
"556","ASV_1534","Salvelinus","genus"
"557","ASV_0001","Gadus chalcogrammus","species"
"558","ASV_0006","Boreogadus saida","species"
"559","ASV_0007","Gadus chalcogrammus","species"
"560","ASV_0009","Gadus chalcogrammus","species"
"561","ASV_0012","Eleginus gracilis","species"
"562","ASV_0032","Gadus chalcogrammus","species"
"563","ASV_0041","Gadus chalcogrammus","species"
"564","ASV_0045","Gadus chalcogrammus","species"
"565","ASV_0051","Gadus chalcogrammus","species"
"566","ASV_0067","Gadus chalcogrammus","species"
"567","ASV_0069","Gadus chalcogrammus","species"
"568","ASV_0070","Gadus chalcogrammus","species"
"569","ASV_0072","Gadus chalcogrammus","species"
"570","ASV_0073","Gadus chalcogrammus","species"
"571","ASV_0074","Gadus macrocephalus","species"
"572","ASV_0075","Gadus chalcogrammus","species"
"573","ASV_0076","Gadus chalcogrammus","species"
"574","ASV_0080","Gadus chalcogrammus","species"
"575","ASV_0084","Gadus macrocephalus","species"
"576","ASV_0091","Gadus chalcogrammus","species"
"577","ASV_0097","Gadus chalcogrammus","species"
"578","ASV_0102","Gadus chalcogrammus","species"
"579","ASV_0114","Gadus chalcogrammus","species"
"580","ASV_0116","Gadus chalcogrammus","species"
"581","ASV_0118","Gadus chalcogrammus","species"
"582","ASV_0121","Gadus chalcogrammus","species"
"583","ASV_0126","Eleginus gracilis","species"
"584","ASV_0133","Gadus chalcogrammus","species"
"585","ASV_0135","Gadus chalcogrammus","species"
"586","ASV_0141","Gadus chalcogrammus","species"
"587","ASV_0158","Gadus chalcogrammus","species"
"588","ASV_0164","Gadus chalcogrammus","species"
"589","ASV_0168","Gadus chalcogrammus","species"
"590","ASV_0169","Gadus chalcogrammus","species"
"591","ASV_0172","Gadus chalcogrammus","species"
"592","ASV_0173","Gadus macrocephalus","species"
"593","ASV_0177","Gadus chalcogrammus","species"
"594","ASV_0179","Gadus chalcogrammus","species"
"595","ASV_0180","Gadus chalcogrammus","species"
"596","ASV_0182","Boreogadus saida","species"
"597","ASV_0187","Boreogadus saida","species"
"598","ASV_0192","Gadus chalcogrammus","species"
"599","ASV_0198","Gadus chalcogrammus","species"
"600","ASV_0215","Gadus chalcogrammus","species"
"601","ASV_0219","Gadus chalcogrammus","species"
"602","ASV_0223","Gadus chalcogrammus","species"
"603","ASV_0225","Eleginus gracilis","species"
"604","ASV_0226","Gadus chalcogrammus","species"
"605","ASV_0231","Gadus chalcogrammus","species"
"606","ASV_0233","Gadus chalcogrammus","species"
"607","ASV_0236","Gadus chalcogrammus","species"
"608","ASV_0246","Gadus chalcogrammus","species"
"609","ASV_0257","Gadus chalcogrammus","species"
"610","ASV_0260","Gadus chalcogrammus","species"
"611","ASV_0268","Gadus chalcogrammus","species"
"612","ASV_0269","Gadus chalcogrammus","species"
"613","ASV_0279","Gadus chalcogrammus","species"
"614","ASV_0283","Gadus chalcogrammus","species"
"615","ASV_0287","Gadus chalcogrammus","species"
"616","ASV_0289","Gadus chalcogrammus","species"
"617","ASV_0295","Gadus chalcogrammus","species"
"618","ASV_0297","Gadus chalcogrammus","species"
"619","ASV_0301","Gadus chalcogrammus","species"
"620","ASV_0306","Gadus chalcogrammus","species"
"621","ASV_0308","Gadus chalcogrammus","species"
"622","ASV_0311","Gadus chalcogrammus","species"
"623","ASV_0316","Gadus chalcogrammus","species"
"624","ASV_0327","Gadus chalcogrammus","species"
"625","ASV_0336","Gadus chalcogrammus","species"
"626","ASV_0337","Eleginus gracilis","species"
"627","ASV_0338","Arctogadus glacialis","species"
"628","ASV_0344","Gadus chalcogrammus","species"
"629","ASV_0347","Gadus chalcogrammus","species"
"630","ASV_0348","Eleginus gracilis","species"
"631","ASV_0353","Gadus chalcogrammus","species"
"632","ASV_0361","Gadus chalcogrammus","species"
"633","ASV_0362","Gadus chalcogrammus","species"
"634","ASV_0367","Gadus chalcogrammus","species"
"635","ASV_0371","Eleginus gracilis","species"
"636","ASV_0379","Gadus chalcogrammus","species"
"637","ASV_0383","Gadus chalcogrammus","species"
"638","ASV_0385","Gadus chalcogrammus","species"
"639","ASV_0391","Gadus chalcogrammus","species"
"640","ASV_0394","Eleginus gracilis","species"
"641","ASV_0396","Gadus chalcogrammus","species"
"642","ASV_0397","Gadus chalcogrammus","species"
"643","ASV_0399","Gadus chalcogrammus","species"
"644","ASV_0423","Gadus chalcogrammus","species"
"645","ASV_0435","Gadus chalcogrammus","species"
"646","ASV_0443","Gadus chalcogrammus","species"
"647","ASV_0444","Gadus chalcogrammus","species"
"648","ASV_0449","Gadus chalcogrammus","species"
"649","ASV_0450","Gadus chalcogrammus","species"
"650","ASV_0452","Gadus chalcogrammus","species"
"651","ASV_0454","Gadus macrocephalus","species"
"652","ASV_0456","Gadus chalcogrammus","species"
"653","ASV_0459","Gadus chalcogrammus","species"
"654","ASV_0460","Gadus chalcogrammus","species"
"655","ASV_0466","Gadus chalcogrammus","species"
"656","ASV_0467","Eleginus gracilis","species"
"657","ASV_0468","Gadus chalcogrammus","species"
"658","ASV_0477","Gadus chalcogrammus","species"
"659","ASV_0478","Gadus chalcogrammus","species"
"660","ASV_0487","Gadus chalcogrammus","species"
"661","ASV_0496","Gadus chalcogrammus","species"
"662","ASV_0499","Gadus chalcogrammus","species"
"663","ASV_0504","Gadus chalcogrammus","species"
"664","ASV_0520","Gadus chalcogrammus","species"
"665","ASV_0521","Gadus chalcogrammus","species"
"666","ASV_0522","Gadus chalcogrammus","species"
"667","ASV_0524","Gadus chalcogrammus","species"
"668","ASV_0526","Gadus chalcogrammus","species"
"669","ASV_0534","Gadus chalcogrammus","species"
"670","ASV_0535","Eleginus gracilis","species"
"671","ASV_0537","Gadus chalcogrammus","species"
"672","ASV_0541","Eleginus gracilis","species"
"673","ASV_0542","Gadus chalcogrammus","species"
"674","ASV_0544","Gadus chalcogrammus","species"
"675","ASV_0551","Gadus chalcogrammus","species"
"676","ASV_0554","Gadus chalcogrammus","species"
"677","ASV_0558","Gadus chalcogrammus","species"
"678","ASV_0559","Gadus chalcogrammus","species"
"679","ASV_0562","Gadus chalcogrammus","species"
"680","ASV_0565","Gadus chalcogrammus","species"
"681","ASV_0567","Gadus chalcogrammus","species"
"682","ASV_0570","Gadus chalcogrammus","species"
"683","ASV_0573","Gadus chalcogrammus","species"
"684","ASV_0574","Gadus chalcogrammus","species"
"685","ASV_0577","Gadus chalcogrammus","species"
"686","ASV_0590","Gadus chalcogrammus","species"
"687","ASV_0595","Gadus chalcogrammus","species"
"688","ASV_0600","Gadus chalcogrammus","species"
"689","ASV_0601","Eleginus gracilis","species"
"690","ASV_0606","Gadus chalcogrammus","species"
"691","ASV_0616","Gadus chalcogrammus","species"
"692","ASV_0621","Gadus chalcogrammus","species"
"693","ASV_0629","Gadus chalcogrammus","species"
"694","ASV_0633","Gadus chalcogrammus","species"
"695","ASV_0640","Gadus chalcogrammus","species"
"696","ASV_0649","Gadus chalcogrammus","species"
"697","ASV_0652","Eleginus gracilis","species"
"698","ASV_0657","Gadus chalcogrammus","species"
"699","ASV_0658","Gadus chalcogrammus","species"
"700","ASV_0664","Gadus chalcogrammus","species"
"701","ASV_0665","Gadus chalcogrammus","species"
"702","ASV_0667","Gadus chalcogrammus","species"
"703","ASV_0669","Eleginus gracilis","species"
"704","ASV_0675","Gadus chalcogrammus","species"
"705","ASV_0686","Gadus chalcogrammus","species"
"706","ASV_0695","Gadus chalcogrammus","species"
"707","ASV_0698","Gadus chalcogrammus","species"
"708","ASV_0700","Gadus chalcogrammus","species"
"709","ASV_0703","Gadus chalcogrammus","species"
"710","ASV_0705","Gadus chalcogrammus","species"
"711","ASV_0708","Eleginus gracilis","species"
"712","ASV_0712","Gadus chalcogrammus","species"
"713","ASV_0716","Eleginus gracilis","species"
"714","ASV_0719","Gadus chalcogrammus","species"
"715","ASV_0720","Gadus chalcogrammus","species"
"716","ASV_0722","Eleginus gracilis","species"
"717","ASV_0725","Gadus chalcogrammus","species"
"718","ASV_0726","Gadus chalcogrammus","species"
"719","ASV_0730","Gadus chalcogrammus","species"
"720","ASV_0734","Gadus chalcogrammus","species"
"721","ASV_0744","Gadus chalcogrammus","species"
"722","ASV_0750","Gadus chalcogrammus","species"
"723","ASV_0763","Gadus chalcogrammus","species"
"724","ASV_0765","Gadus chalcogrammus","species"
"725","ASV_0769","Gadus chalcogrammus","species"
"726","ASV_0774","Eleginus gracilis","species"
"727","ASV_0775","Gadus chalcogrammus","species"
"728","ASV_0776","Eleginus gracilis","species"
"729","ASV_0796","Gadus chalcogrammus","species"
"730","ASV_0797","Gadus chalcogrammus","species"
"731","ASV_0799","Eleginus gracilis","species"
"732","ASV_0804","Eleginus gracilis","species"
"733","ASV_0806","Gadus chalcogrammus","species"
"734","ASV_0814","Gadus chalcogrammus","species"
"735","ASV_0818","Eleginus gracilis","species"
"736","ASV_0820","Gadus chalcogrammus","species"
"737","ASV_0822","Gadus chalcogrammus","species"
"738","ASV_0832","Gadus chalcogrammus","species"
"739","ASV_0839","Gadus chalcogrammus","species"
"740","ASV_0847","Eleginus gracilis","species"
"741","ASV_0848","Gadus chalcogrammus","species"
"742","ASV_0852","Gadus chalcogrammus","species"
"743","ASV_0860","Eleginus gracilis","species"
"744","ASV_0869","Eleginus gracilis","species"
"745","ASV_0876","Gadus chalcogrammus","species"
"746","ASV_0878","Gadus chalcogrammus","species"
"747","ASV_0879","Gadus chalcogrammus","species"
"748","ASV_0886","Gadus chalcogrammus","species"
"749","ASV_0888","Gadus chalcogrammus","species"
"750","ASV_0892","Eleginus gracilis","species"
"751","ASV_0899","Gadus chalcogrammus","species"
"752","ASV_0900","Gadus chalcogrammus","species"
"753","ASV_0902","Gadus chalcogrammus","species"
"754","ASV_0907","Gadus chalcogrammus","species"
"755","ASV_0913","Gadus chalcogrammus","species"
"756","ASV_0917","Gadus chalcogrammus","species"
"757","ASV_0928","Gadus chalcogrammus","species"
"758","ASV_0931","Gadus chalcogrammus","species"
"759","ASV_0937","Gadus chalcogrammus","species"
"760","ASV_0938","Gadus chalcogrammus","species"
"761","ASV_0944","Gadus chalcogrammus","species"
"762","ASV_0955","Gadus chalcogrammus","species"
"763","ASV_0964","Gadus chalcogrammus","species"
"764","ASV_0980","Eleginus gracilis","species"
"765","ASV_0983","Gadus chalcogrammus","species"
"766","ASV_0992","Gadus chalcogrammus","species"
"767","ASV_1008","Gadus chalcogrammus","species"
"768","ASV_1016","Gadus chalcogrammus","species"
"769","ASV_1022","Gadus chalcogrammus","species"
"770","ASV_1035","Gadus chalcogrammus","species"
"771","ASV_1038","Boreogadus saida","species"
"772","ASV_1041","Gadus chalcogrammus","species"
"773","ASV_1042","Gadus chalcogrammus","species"
"774","ASV_1045","Gadus chalcogrammus","species"
"775","ASV_1050","Eleginus gracilis","species"
"776","ASV_1051","Gadus chalcogrammus","species"
"777","ASV_1061","Gadus chalcogrammus","species"
"778","ASV_1068","Gadus chalcogrammus","species"
"779","ASV_1069","Gadus chalcogrammus","species"
"780","ASV_1072","Gadus chalcogrammus","species"
"781","ASV_1079","Gadus chalcogrammus","species"
"782","ASV_1084","Eleginus gracilis","species"
"783","ASV_1085","Gadus chalcogrammus","species"
"784","ASV_1092","Gadus chalcogrammus","species"
"785","ASV_1096","Gadus chalcogrammus","species"
"786","ASV_1097","Gadus chalcogrammus","species"
"787","ASV_1099","Gadus chalcogrammus","species"
"788","ASV_1101","Gadus chalcogrammus","species"
"789","ASV_1116","Eleginus gracilis","species"
"790","ASV_1117","Gadus chalcogrammus","species"
"791","ASV_1120","Gadus chalcogrammus","species"
"792","ASV_1122","Gadus chalcogrammus","species"
"793","ASV_1123","Gadus macrocephalus","species"
"794","ASV_1125","Gadus chalcogrammus","species"
"795","ASV_1137","Gadus chalcogrammus","species"
"796","ASV_1140","Gadus chalcogrammus","species"
"797","ASV_1145","Gadus chalcogrammus","species"
"798","ASV_1161","Gadus chalcogrammus","species"
"799","ASV_1171","Eleginus gracilis","species"
"800","ASV_1174","Gadus chalcogrammus","species"
"801","ASV_1175","Gadus chalcogrammus","species"
"802","ASV_1178","Gadus chalcogrammus","species"
"803","ASV_1179","Eleginus gracilis","species"
"804","ASV_1208","Gadus chalcogrammus","species"
"805","ASV_1209","Gadus chalcogrammus","species"
"806","ASV_1216","Eleginus gracilis","species"
"807","ASV_1219","Gadus chalcogrammus","species"
"808","ASV_1231","Gadus chalcogrammus","species"
"809","ASV_1235","Boreogadus saida","species"
"810","ASV_1241","Gadus chalcogrammus","species"
"811","ASV_1247","Gadus chalcogrammus","species"
"812","ASV_1249","Gadus chalcogrammus","species"
"813","ASV_1258","Gadus chalcogrammus","species"
"814","ASV_1260","Arctogadus glacialis","species"
"815","ASV_1263","Gadus chalcogrammus","species"
"816","ASV_1273","Gadus chalcogrammus","species"
"817","ASV_1279","Gadus chalcogrammus","species"
"818","ASV_1280","Gadus chalcogrammus","species"
"819","ASV_1285","Gadus chalcogrammus","species"
"820","ASV_1289","Gadus chalcogrammus","species"
"821","ASV_1293","Gadus chalcogrammus","species"
"822","ASV_1294","Gadus chalcogrammus","species"
"823","ASV_1295","Gadus chalcogrammus","species"
"824","ASV_1299","Gadus chalcogrammus","species"
"825","ASV_1308","Gadus chalcogrammus","species"
"826","ASV_1309","Gadus chalcogrammus","species"
"827","ASV_1313","Gadus chalcogrammus","species"
"828","ASV_1314","Gadus chalcogrammus","species"
"829","ASV_1317","Gadus chalcogrammus","species"
"830","ASV_1326","Gadus chalcogrammus","species"
"831","ASV_1335","Gadus chalcogrammus","species"
"832","ASV_1338","Gadus chalcogrammus","species"
"833","ASV_1360","Gadus chalcogrammus","species"
"834","ASV_1362","Gadus chalcogrammus","species"
"835","ASV_1368","Gadus chalcogrammus","species"
"836","ASV_1369","Gadus chalcogrammus","species"
"837","ASV_1376","Gadus chalcogrammus","species"
"838","ASV_1378","Gadus chalcogrammus","species"
"839","ASV_1386","Gadus chalcogrammus","species"
"840","ASV_1388","Gadus chalcogrammus","species"
"841","ASV_1408","Gadus chalcogrammus","species"
"842","ASV_1420","Gadus chalcogrammus","species"
"843","ASV_1438","Gadus chalcogrammus","species"
"844","ASV_1466","Gadus chalcogrammus","species"
"845","ASV_1483","Gadus chalcogrammus","species"
"846","ASV_1522","Gadus chalcogrammus","species"
"847","ASV_1525","Gadus chalcogrammus","species"
"848","ASV_1544","Gadus chalcogrammus","species"
"849","ASV_0011","Gadus","genus"
"850","ASV_0052","Gadus","genus"
"851","ASV_0078","Gadus","genus"
"852","ASV_0081","Gadus","genus"
"853","ASV_0088","Gadus","genus"
"854","ASV_0099","Gadus","genus"
"855","ASV_0119","Gadus","genus"
"856","ASV_0142","Gadus","genus"
"857","ASV_0154","Gadus","genus"
"858","ASV_0166","Gadus","genus"
"859","ASV_0197","Gadus","genus"
"860","ASV_0206","Gadus","genus"
"861","ASV_0278","Gadus","genus"
"862","ASV_0286","Gadus","genus"
"863","ASV_0309","Gadus","genus"
"864","ASV_0326","Gadus","genus"
"865","ASV_0329","Gadus","genus"
"866","ASV_0376","Gadus","genus"
"867","ASV_0378","Gadus","genus"
"868","ASV_0387","Gadus","genus"
"869","ASV_0400","Gadus","genus"
"870","ASV_0404","Gadus","genus"
"871","ASV_0431","Gadus","genus"
"872","ASV_0446","Gadus","genus"
"873","ASV_0518","Gadus","genus"
"874","ASV_0529","Gadus","genus"
"875","ASV_0557","Gadus","genus"
"876","ASV_0572","Gadus","genus"
"877","ASV_0582","Gadus","genus"
"878","ASV_0646","Gadus","genus"
"879","ASV_0655","Gadus","genus"
"880","ASV_0696","Gadus","genus"
"881","ASV_0754","Gadus","genus"
"882","ASV_0803","Gadus","genus"
"883","ASV_0812","Gadus","genus"
"884","ASV_0815","Gadus","genus"
"885","ASV_0864","Gadus","genus"
"886","ASV_0905","Gadus","genus"
"887","ASV_0915","Gadus","genus"
"888","ASV_0950","Gadus","genus"
"889","ASV_0954","Gadus","genus"
"890","ASV_0967","Gadus","genus"
"891","ASV_0971","Gadus","genus"
"892","ASV_1020","Gadus","genus"
"893","ASV_1037","Gadus","genus"
"894","ASV_1048","Gadus","genus"
"895","ASV_1053","Gadus","genus"
"896","ASV_1058","Gadus","genus"
"897","ASV_1065","Gadus","genus"
"898","ASV_1250","Gadus","genus"
"899","ASV_1261","Gadus","genus"
"900","ASV_1321","Gadus","genus"
"901","ASV_1363","Gadus","genus"
"902","ASV_1371","Gadus","genus"
"903","ASV_1380","Gadus","genus"
"904","ASV_1437","Gadus","genus"
"905","ASV_1498","Gadus","genus"
"906","ASV_0064","Gadidae","family"
"907","ASV_0147","Gadidae","family"
"908","ASV_0175","Gadidae","family"
"909","ASV_0331","Gadidae","family"
"910","ASV_0430","Gadidae","family"
"911","ASV_0550","Gadidae","family"
"912","ASV_0608","Gadidae","family"
"913","ASV_0659","Gadidae","family"
"914","ASV_1185","Gadidae","family"
"915","ASV_1300","Gadidae","family"
"916","ASV_0003","Oncorhynchus keta","species"
"917","ASV_0008","Oncorhynchus tshawytscha","species"
"918","ASV_0013","Oncorhynchus gorbuscha","species"
"919","ASV_0017","Oncorhynchus kisutch","species"
"920","ASV_0018","Oncorhynchus nerka","species"
"921","ASV_0031","Oncorhynchus tshawytscha","species"
"922","ASV_0034","Oncorhynchus keta","species"
"923","ASV_0036","Oncorhynchus nerka","species"
"924","ASV_0039","Oncorhynchus tshawytscha","species"
"925","ASV_0044","Oncorhynchus keta","species"
"926","ASV_0089","Oncorhynchus kisutch","species"
"927","ASV_0094","Oncorhynchus tshawytscha","species"
"928","ASV_0101","Oncorhynchus gorbuscha","species"
"929","ASV_0139","Oncorhynchus keta","species"
"930","ASV_0153","Oncorhynchus keta","species"
"931","ASV_0156","Oncorhynchus keta","species"
"932","ASV_0170","Oncorhynchus gorbuscha","species"
"933","ASV_0176","Oncorhynchus gorbuscha","species"
"934","ASV_0189","Oncorhynchus kisutch","species"
"935","ASV_0199","Oncorhynchus keta","species"
"936","ASV_0213","Oncorhynchus keta","species"
"937","ASV_0241","Oncorhynchus gorbuscha","species"
"938","ASV_0250","Oncorhynchus keta","species"
"939","ASV_0255","Oncorhynchus keta","species"
"940","ASV_0263","Oncorhynchus keta","species"
"941","ASV_0274","Oncorhynchus gorbuscha","species"
"942","ASV_0280","Oncorhynchus keta","species"
"943","ASV_0288","Oncorhynchus nerka","species"
"944","ASV_0304","Oncorhynchus tshawytscha","species"
"945","ASV_0339","Oncorhynchus kisutch","species"
"946","ASV_0342","Oncorhynchus gorbuscha","species"
"947","ASV_0363","Oncorhynchus keta","species"
"948","ASV_0365","Oncorhynchus kisutch","species"
"949","ASV_0372","Oncorhynchus keta","species"
"950","ASV_0384","Oncorhynchus keta","species"
"951","ASV_0393","Oncorhynchus tshawytscha","species"
"952","ASV_0402","Oncorhynchus gorbuscha","species"
"953","ASV_0403","Oncorhynchus keta","species"
"954","ASV_0406","Oncorhynchus keta","species"
"955","ASV_0409","Oncorhynchus tshawytscha","species"
"956","ASV_0425","Oncorhynchus keta","species"
"957","ASV_0448","Oncorhynchus gorbuscha","species"
"958","ASV_0453","Oncorhynchus keta","species"
"959","ASV_0464","Oncorhynchus tshawytscha","species"
"960","ASV_0470","Oncorhynchus tshawytscha","species"
"961","ASV_0473","Oncorhynchus keta","species"
"962","ASV_0476","Oncorhynchus gorbuscha","species"
"963","ASV_0490","Oncorhynchus gorbuscha","species"
"964","ASV_0492","Oncorhynchus keta","species"
"965","ASV_0501","Oncorhynchus nerka","species"
"966","ASV_0509","Oncorhynchus keta","species"
"967","ASV_0513","Oncorhynchus gorbuscha","species"
"968","ASV_0527","Oncorhynchus gorbuscha","species"
"969","ASV_0546","Oncorhynchus keta","species"
"970","ASV_0548","Oncorhynchus keta","species"
"971","ASV_0549","Oncorhynchus gorbuscha","species"
"972","ASV_0553","Oncorhynchus keta","species"
"973","ASV_0561","Oncorhynchus tshawytscha","species"
"974","ASV_0563","Oncorhynchus tshawytscha","species"
"975","ASV_0568","Oncorhynchus keta","species"
"976","ASV_0571","Oncorhynchus gorbuscha","species"
"977","ASV_0585","Oncorhynchus kisutch","species"
"978","ASV_0586","Oncorhynchus tshawytscha","species"
"979","ASV_0587","Oncorhynchus nerka","species"
"980","ASV_0588","Oncorhynchus kisutch","species"
"981","ASV_0593","Oncorhynchus nerka","species"
"982","ASV_0598","Oncorhynchus keta","species"
"983","ASV_0599","Oncorhynchus keta","species"
"984","ASV_0607","Oncorhynchus gorbuscha","species"
"985","ASV_0618","Oncorhynchus keta","species"
"986","ASV_0622","Oncorhynchus keta","species"
"987","ASV_0628","Oncorhynchus tshawytscha","species"
"988","ASV_0630","Oncorhynchus keta","species"
"989","ASV_0631","Oncorhynchus nerka","species"
"990","ASV_0632","Oncorhynchus nerka","species"
"991","ASV_0638","Oncorhynchus kisutch","species"
"992","ASV_0645","Oncorhynchus keta","species"
"993","ASV_0648","Oncorhynchus keta","species"
"994","ASV_0651","Oncorhynchus tshawytscha","species"
"995","ASV_0661","Oncorhynchus keta","species"
"996","ASV_0662","Oncorhynchus kisutch","species"
"997","ASV_0670","Oncorhynchus kisutch","species"
"998","ASV_0671","Oncorhynchus nerka","species"
"999","ASV_0674","Oncorhynchus tshawytscha","species"
"1000","ASV_0678","Oncorhynchus kisutch","species"
"1001","ASV_0692","Oncorhynchus keta","species"
"1002","ASV_0697","Oncorhynchus keta","species"
"1003","ASV_0707","Oncorhynchus nerka","species"
"1004","ASV_0709","Oncorhynchus keta","species"
"1005","ASV_0711","Oncorhynchus keta","species"
"1006","ASV_0717","Oncorhynchus tshawytscha","species"
"1007","ASV_0721","Oncorhynchus tshawytscha","species"
"1008","ASV_0727","Oncorhynchus tshawytscha","species"
"1009","ASV_0732","Oncorhynchus keta","species"
"1010","ASV_0735","Oncorhynchus keta","species"
"1011","ASV_0736","Oncorhynchus gorbuscha","species"
"1012","ASV_0743","Oncorhynchus keta","species"
"1013","ASV_0746","Oncorhynchus nerka","species"
"1014","ASV_0755","Oncorhynchus gorbuscha","species"
"1015","ASV_0756","Oncorhynchus gorbuscha","species"
"1016","ASV_0768","Oncorhynchus tshawytscha","species"
"1017","ASV_0777","Oncorhynchus tshawytscha","species"
"1018","ASV_0781","Oncorhynchus gorbuscha","species"
"1019","ASV_0784","Oncorhynchus gorbuscha","species"
"1020","ASV_0785","Oncorhynchus gorbuscha","species"
"1021","ASV_0790","Oncorhynchus tshawytscha","species"
"1022","ASV_0792","Oncorhynchus gorbuscha","species"
"1023","ASV_0800","Oncorhynchus keta","species"
"1024","ASV_0802","Oncorhynchus keta","species"
"1025","ASV_0810","Oncorhynchus tshawytscha","species"
"1026","ASV_0817","Oncorhynchus kisutch","species"
"1027","ASV_0821","Oncorhynchus keta","species"
"1028","ASV_0826","Oncorhynchus gorbuscha","species"
"1029","ASV_0831","Oncorhynchus tshawytscha","species"
"1030","ASV_0835","Oncorhynchus tshawytscha","species"
"1031","ASV_0836","Oncorhynchus tshawytscha","species"
"1032","ASV_0843","Oncorhynchus nerka","species"
"1033","ASV_0849","Oncorhynchus tshawytscha","species"
"1034","ASV_0853","Oncorhynchus keta","species"
"1035","ASV_0855","Oncorhynchus tshawytscha","species"
"1036","ASV_0867","Oncorhynchus tshawytscha","species"
"1037","ASV_0868","Oncorhynchus tshawytscha","species"
"1038","ASV_0874","Oncorhynchus keta","species"
"1039","ASV_0875","Oncorhynchus keta","species"
"1040","ASV_0882","Oncorhynchus tshawytscha","species"
"1041","ASV_0885","Oncorhynchus nerka","species"
"1042","ASV_0890","Oncorhynchus tshawytscha","species"
"1043","ASV_0891","Oncorhynchus gorbuscha","species"
"1044","ASV_0895","Oncorhynchus tshawytscha","species"
"1045","ASV_0897","Oncorhynchus gorbuscha","species"
"1046","ASV_0904","Oncorhynchus keta","species"
"1047","ASV_0906","Oncorhynchus gorbuscha","species"
"1048","ASV_0911","Oncorhynchus gorbuscha","species"
"1049","ASV_0914","Oncorhynchus keta","species"
"1050","ASV_0925","Oncorhynchus nerka","species"
"1051","ASV_0926","Oncorhynchus nerka","species"
"1052","ASV_0929","Oncorhynchus keta","species"
"1053","ASV_0933","Oncorhynchus keta","species"
"1054","ASV_0939","Oncorhynchus nerka","species"
"1055","ASV_0942","Oncorhynchus kisutch","species"
"1056","ASV_0945","Oncorhynchus kisutch","species"
"1057","ASV_0949","Oncorhynchus kisutch","species"
"1058","ASV_0951","Oncorhynchus gorbuscha","species"
"1059","ASV_0952","Oncorhynchus keta","species"
"1060","ASV_0961","Oncorhynchus tshawytscha","species"
"1061","ASV_0966","Oncorhynchus kisutch","species"
"1062","ASV_0969","Oncorhynchus tshawytscha","species"
"1063","ASV_0973","Oncorhynchus keta","species"
"1064","ASV_0977","Oncorhynchus keta","species"
"1065","ASV_0982","Oncorhynchus gorbuscha","species"
"1066","ASV_0993","Oncorhynchus tshawytscha","species"
"1067","ASV_0995","Oncorhynchus gorbuscha","species"
"1068","ASV_0996","Oncorhynchus nerka","species"
"1069","ASV_0999","Oncorhynchus tshawytscha","species"
"1070","ASV_1012","Oncorhynchus tshawytscha","species"
"1071","ASV_1015","Oncorhynchus tshawytscha","species"
"1072","ASV_1018","Oncorhynchus keta","species"
"1073","ASV_1025","Oncorhynchus keta","species"
"1074","ASV_1030","Oncorhynchus gorbuscha","species"
"1075","ASV_1031","Oncorhynchus tshawytscha","species"
"1076","ASV_1043","Oncorhynchus keta","species"
"1077","ASV_1049","Oncorhynchus tshawytscha","species"
"1078","ASV_1062","Oncorhynchus tshawytscha","species"
"1079","ASV_1063","Oncorhynchus gorbuscha","species"
"1080","ASV_1066","Oncorhynchus keta","species"
"1081","ASV_1080","Oncorhynchus gorbuscha","species"
"1082","ASV_1091","Oncorhynchus tshawytscha","species"
"1083","ASV_1100","Oncorhynchus gorbuscha","species"
"1084","ASV_1104","Oncorhynchus nerka","species"
"1085","ASV_1115","Oncorhynchus keta","species"
"1086","ASV_1119","Oncorhynchus keta","species"
"1087","ASV_1138","Oncorhynchus gorbuscha","species"
"1088","ASV_1139","Oncorhynchus tshawytscha","species"
"1089","ASV_1141","Oncorhynchus gorbuscha","species"
"1090","ASV_1150","Oncorhynchus keta","species"
"1091","ASV_1151","Oncorhynchus keta","species"
"1092","ASV_1156","Oncorhynchus gorbuscha","species"
"1093","ASV_1158","Oncorhynchus kisutch","species"
"1094","ASV_1159","Oncorhynchus tshawytscha","species"
"1095","ASV_1160","Oncorhynchus tshawytscha","species"
"1096","ASV_1167","Oncorhynchus keta","species"
"1097","ASV_1168","Oncorhynchus keta","species"
"1098","ASV_1170","Oncorhynchus tshawytscha","species"
"1099","ASV_1180","Oncorhynchus gorbuscha","species"
"1100","ASV_1181","Oncorhynchus gorbuscha","species"
"1101","ASV_1182","Oncorhynchus keta","species"
"1102","ASV_1184","Oncorhynchus gorbuscha","species"
"1103","ASV_1188","Oncorhynchus tshawytscha","species"
"1104","ASV_1189","Oncorhynchus keta","species"
"1105","ASV_1194","Oncorhynchus nerka","species"
"1106","ASV_1195","Oncorhynchus gorbuscha","species"
"1107","ASV_1196","Oncorhynchus keta","species"
"1108","ASV_1197","Oncorhynchus gorbuscha","species"
"1109","ASV_1200","Oncorhynchus keta","species"
"1110","ASV_1201","Oncorhynchus keta","species"
"1111","ASV_1204","Oncorhynchus gorbuscha","species"
"1112","ASV_1211","Oncorhynchus tshawytscha","species"
"1113","ASV_1213","Oncorhynchus tshawytscha","species"
"1114","ASV_1214","Oncorhynchus tshawytscha","species"
"1115","ASV_1226","Oncorhynchus gorbuscha","species"
"1116","ASV_1229","Oncorhynchus keta","species"
"1117","ASV_1237","Oncorhynchus keta","species"
"1118","ASV_1239","Oncorhynchus keta","species"
"1119","ASV_1240","Oncorhynchus gorbuscha","species"
"1120","ASV_1244","Oncorhynchus keta","species"
"1121","ASV_1251","Oncorhynchus kisutch","species"
"1122","ASV_1252","Oncorhynchus kisutch","species"
"1123","ASV_1256","Oncorhynchus keta","species"
"1124","ASV_1262","Oncorhynchus keta","species"
"1125","ASV_1264","Oncorhynchus keta","species"
"1126","ASV_1267","Oncorhynchus keta","species"
"1127","ASV_1282","Oncorhynchus keta","species"
"1128","ASV_1283","Oncorhynchus gorbuscha","species"
"1129","ASV_1284","Oncorhynchus kisutch","species"
"1130","ASV_1301","Oncorhynchus keta","species"
"1131","ASV_1302","Oncorhynchus tshawytscha","species"
"1132","ASV_1303","Oncorhynchus tshawytscha","species"
"1133","ASV_1304","Oncorhynchus gorbuscha","species"
"1134","ASV_1305","Oncorhynchus tshawytscha","species"
"1135","ASV_1307","Oncorhynchus keta","species"
"1136","ASV_1315","Oncorhynchus keta","species"
"1137","ASV_1332","Oncorhynchus keta","species"
"1138","ASV_1340","Oncorhynchus gorbuscha","species"
"1139","ASV_1345","Oncorhynchus keta","species"
"1140","ASV_1349","Oncorhynchus gorbuscha","species"
"1141","ASV_1351","Oncorhynchus tshawytscha","species"
"1142","ASV_1359","Oncorhynchus tshawytscha","species"
"1143","ASV_1372","Oncorhynchus tshawytscha","species"
"1144","ASV_1375","Oncorhynchus nerka","species"
"1145","ASV_1384","Oncorhynchus tshawytscha","species"
"1146","ASV_1393","Oncorhynchus keta","species"
"1147","ASV_1395","Oncorhynchus keta","species"
"1148","ASV_1398","Oncorhynchus tshawytscha","species"
"1149","ASV_1410","Oncorhynchus gorbuscha","species"
"1150","ASV_1419","Oncorhynchus kisutch","species"
"1151","ASV_1424","Oncorhynchus kisutch","species"
"1152","ASV_1425","Oncorhynchus kisutch","species"
"1153","ASV_1434","Oncorhynchus keta","species"
"1154","ASV_1435","Oncorhynchus tshawytscha","species"
"1155","ASV_1457","Oncorhynchus keta","species"
"1156","ASV_1462","Oncorhynchus kisutch","species"
"1157","ASV_1467","Oncorhynchus tshawytscha","species"
"1158","ASV_1479","Oncorhynchus nerka","species"
"1159","ASV_1481","Oncorhynchus tshawytscha","species"
"1160","ASV_1521","Oncorhynchus tshawytscha","species"
"1161","ASV_1523","Oncorhynchus nerka","species"
"1162","ASV_1553","Oncorhynchus nerka","species"
"1163","ASV_0021","Oncorhynchus","genus"
"1164","ASV_0035","Oncorhynchus","genus"
"1165","ASV_0059","Oncorhynchus","genus"
"1166","ASV_0095","Oncorhynchus","genus"
"1167","ASV_0514","Oncorhynchus","genus"
"1168","ASV_0656","Oncorhynchus","genus"
"1169","ASV_0660","Oncorhynchus","genus"
"1170","ASV_0740","Oncorhynchus","genus"
"1171","ASV_0801","Oncorhynchus","genus"
"1172","ASV_0837","Oncorhynchus","genus"
"1173","ASV_0840","Oncorhynchus","genus"
"1174","ASV_0916","Oncorhynchus","genus"
"1175","ASV_0921","Oncorhynchus","genus"
"1176","ASV_0940","Oncorhynchus","genus"
"1177","ASV_0958","Oncorhynchus","genus"
"1178","ASV_0998","Oncorhynchus","genus"
"1179","ASV_1009","Oncorhynchus","genus"
"1180","ASV_1054","Oncorhynchus","genus"
"1181","ASV_1093","Oncorhynchus","genus"
"1182","ASV_1222","Oncorhynchus","genus"
"1183","ASV_1227","Oncorhynchus","genus"
"1184","ASV_1269","Oncorhynchus","genus"
"1185","ASV_1322","Oncorhynchus","genus"
"1186","ASV_1422","Oncorhynchus","genus"
"1187","ASV_1444","Oncorhynchus","genus"
"1188","ASV_1519","Oncorhynchus","genus"
